current,discount,vi_v0,vi_v1,vi_v2,vi_v3,vi_v4,vi_v5,vi_policy,vi_bellman_residual,vi_direct_solve_error,pi_v0,pi_v1,pi_v2,pi_v3,pi_v4,pi_v5,pi_policy,pi_bellman_residual,pi_direct_solve_error,max_abs_pi_vi_difference
weak,0.8,0.2696125609216403,0.4621929618353745,0.8198422778180238,1.4565366645124105,2.5878763375187503,4.597979389288469,1 1 1 1 1 1,7.151790271109348e-11,3.57587737198628e-10,0.26961256092163793,0.4621929618353722,0.8198422778180217,1.4565366645124085,2.5878763375187486,4.597979389288467,1 1 1 1 1 1,7.151812475569841e-11,3.575897911112236e-10,2.3869795029440866e-15
weak,0.804061224489796,0.2900223496186766,0.49194948935935684,0.8633144928298944,1.517446609169523,2.6674114350393605,4.688868861469425,1 1 1 1 1 1,7.828915293828231e-11,3.995592745553722e-10,0.29002234961867396,0.49194948935935434,0.8633144928298918,1.5174466091695207,2.6674114350393574,4.688868861469421,1 1 1 1 1 1,7.82894860051897e-11,3.9956216113523624e-10,3.552713678800501e-15
weak,0.8081224489795918,0.3121308699568765,0.5238770939933047,0.9095191386960167,1.5816188572806764,2.75058631829474,4.783549833344013,1 1 1 1 1 1,7.048051031688374e-11,3.6731750974183797e-10,0.31213086995687417,0.5238770939933025,0.9095191386960144,1.5816188572806735,2.750586318294737,4.783549833344011,1 1 1 1 1 1,7.048051031688374e-11,3.6731995223249214e-10,3.1086244689504383e-15
weak,0.8121836734693878,0.3360978980280315,0.5581612236546093,0.9586673963184323,1.6492839366842162,2.8376422405108537,4.882267019422773,1 1 1 1 1 1,8.029354958694057e-11,4.2750653017620266e-10,0.33609789802802886,0.5581612236546065,0.95866739631843,1.649283936684214,2.837642240510851,4.88226701942277,1 1 1 1 1 1,8.029332754233565e-11,4.275095832895204e-10,3.552713678800501e-15
weak,0.8162448979591838,0.362100518603386,0.5950061715420341,1.010990648349233,1.720693444212934,2.9288419323891484,4.985286727555005,1 1 1 1 1 1,7.596101525564336e-11,4.1338088507814064e-10,0.3621005186033834,0.5950061715420315,1.0109906483492306,1.7206934442129316,2.928841932389146,4.9852867275550015,1 1 1 1 1 1,7.596145934485321e-11,4.133839937026096e-10,3.552713678800501e-15
weak,0.8203061224489796,0.390335305187708,0.634637358804576,1.0667428445720686,1.7961224582479713,3.0244720345688556,5.092899296595576,1 1 1 1 1 1,7.383249567283201e-11,4.1087488966695673e-10,0.3903353051877056,0.6346373588045736,1.0667428445720664,1.7961224582479691,3.0244720345688534,5.092899296595574,1 1 1 1 1 1,7.383249567283201e-11,4.1087666602379613e-10,2.3869795029440866e-15
weak,0.8243673469387756,0.42102082114093536,0.6773039459579775,1.126203201838929,1.8758722888844275,3.124845868896816,5.205421873175314,1 1 1 1 1 1,7.371375732034835e-11,4.19703383158776e-10,0.42102082114093276,0.6773039459579749,1.126203201838926,1.8758722888844244,3.124845868896813,5.205421873175311,1 1 1 1 1 1,7.37143679430119e-11,4.197060476940351e-10,3.1086244689504383e-15
weak,0.8284285714285715,0.45440049509592423,0.723281826921259,1.189679292900257,1.960273620278329,3.2303066031604173,5.323201582251102,1 1 1 1 1 1,7.558398351648066e-11,4.4053727332737935e-10,0.45440049509592184,0.7232818269212564,1.1896792929002544,1.9602736202783266,3.2303066031604146,5.323201582251099,1 1 1 1 1 1,7.558420556108558e-11,4.405396603068823e-10,2.6645352591003757e-15
weak,0.8324897959183674,0.49074593649965914,0.7728770722047392,1.2575105911678381,2.0496901124662807,3.341230876668149,5.446619158842362,1 1 1 1 1 1,7.957901004829182e-11,4.750697613076227e-10,0.4907459364996565,0.7728770722047367,1.2575105911678355,2.049690112466278,3.341230876668146,5.446619158842359,1 1 1 1 1 1,7.957989822671152e-11,4.750724258428818e-10,3.1086244689504383e-15
weak,0.8365510204081633,0.530360769741986,0.8264299004842353,1.3300725511996812,2.1445225427210226,3.4580329668420746,5.576093121142241,1 1 1 1 1 1,7.195677387272781e-11,4.402394004898724e-10,0.5303607697419838,0.8264299004842331,1.330072551199679,2.1445225427210213,3.4580329668420733,5.57609312114224,1 1 1 1 1 1,7.195732898424012e-11,4.4024139889131675e-10,2.220446049250313e-15
weak,0.8406122448979593,0.5735850810155714,0.8843192735492937,1.4077813205006329,2.2452135823351296,3.5811695928242426,5.712084581031535,1 1 1 1 1 1,8.022116304573501e-11,5.0330406509147e-10,0.5735850810155689,0.8843192735492913,1.4077813205006307,2.245213582335127,3.581169592824239,5.712084581031532,1 1 1 1 1 1,8.022116304573501e-11,5.033067296267291e-10,3.552713678800501e-15
weak,0.8446734693877551,0.620800593910911,0.9469682315547671,1.491099200230641,2.35225332675013,3.7111454741336387,5.855102810060199,1 1 1 1 1 1,7.752287700668603e-11,4.990940993820914e-10,0.6208005939109085,0.9469682315547644,1.4910992002306387,2.3522533267501284,3.7111454741336365,5.855102810060195,1 1 1 1 1 1,7.752298802898849e-11,4.990967639173505e-10,3.552713678800501e-15
weak,0.8487346938775511,0.672436711202906,1.0148501070477707,1.5805409940179558,2.4661857185833957,3.8485197840558696,6.005711700609291,1 1 1 1 1 1,7.760725395655754e-11,5.130553759613576e-10,0.6724367112029036,1.0148501070477682,1.5805409940179538,2.466185718583394,3.8485197840558674,6.005711700609289,1 1 1 1 1 1,7.760814213497724e-11,5.130580404966167e-10,2.6645352591003757e-15
weak,0.852795918367347,0.7289775955315863,1.0884957915879137,1.6766814194897284,2.587616038552988,3.9939136729071594,6.1645372974082795,1 1 1 1 1 1,8.046363575431315e-11,5.466085362115791e-10,0.7289775955315839,1.0884957915879117,1.6766814194897262,2.5876160385529854,3.9939136729071554,6.164537297408274,1 1 1 1 1 1,8.046363575431315e-11,5.466116448360481e-10,5.329070518200751e-15
weak,0.8568571428571429,0.790970497390827,1.1685022646007122,1.7801637930312657,2.7172196752356927,4.148019072262024,6.332276610533279,1 1 1 1 1 1,7.401501633808039e-11,5.170699424184022e-10,0.7909704973908246,1.1685022646007095,1.780163793031263,2.71721967523569,4.148019072262021,6.3322766105332775,1 1 1 1 1 1,7.401501633808039e-11,5.170726069536613e-10,2.6645352591003757e-15
weak,0.8609183673469388,0.8590355894339553,1.255542644822082,1.8917102490882798,2.8557524354364774,4.311609042091108,6.5097079718722854,1 1 1 1 1 1,8.264233741783755e-11,5.941958036714823e-10,0.8590355894339531,1.2555426448220797,1.8917102490882773,2.8557524354364747,4.3116090420911055,6.509707971872282,1 1 1 1 1 1,8.264233741783755e-11,5.941993563851611e-10,3.552713678800501e-15
weak,0.8649795918367347,0.9338776301147726,1.3503780888381995,2.012133819567294,3.0040627212327333,4.4855499870562685,6.697703261347439,1 1 1 1 1 1,8.26019252997412e-11,6.117680806383419e-10,0.93387763011477,1.3503780888381967,2.0121338195672913,3.0040627212327307,4.485549987056265,6.6977032613474385,1 1 1 1 1 1,8.260236938895105e-11,6.11770745173601e-10,3.552713678800501e-15
weak,0.8690408163265306,1.0162998566239994,1.4538719383186618,2.1423527760880043,3.16310597700443,4.670816145474999,6.897242406453545,1 1 1 1 1 1,8.622746960895711e-11,6.584277567611707e-10,1.016299856623997,1.4538719383186596,2.142352776088002,3.1631059770044274,4.670816145474996,6.897242406453541,1 1 1 1 1 1,8.622791369816696e-11,6.584301992518249e-10,3.552713678800501e-15
weak,0.8731020408163266,1.1072206148825439,1.5670066255118713,2.2834077459290496,3.333961917903373,4.8685068626274,7.10943066683725,1 1 1 1 1 1,8.205569557162562e-11,6.466227553403314e-10,1.1072206148825419,1.5670066255118693,2.283407745929048,3.3339619179033706,4.868506862627396,7.1094306668372464,1 1 1 1 1 1,8.205613966083547e-11,6.466258639648004e-10,3.552713678800501e-15
weak,0.8771632653061225,1.2076933647006638,1.6909039771084218,2.436482243175583,3.517855181942308,5.079867290827519,7.335519346395031,1 1 1 1 1 1,8.226530567867485e-11,6.697096210928066e-10,1.2076933647006614,1.6909039771084196,2.4364822431755817,3.5178551819423074,5.079867290827518,7.335519346395031,1 1 1 1 1 1,8.226508363406992e-11,6.697096210928066e-10,2.4424906541753444e-15
weak,0.8812244897959184,1.3189308772208825,1.82684973579837,2.602927435942044,3.716180227316948,5.306313338136712,7.576930754829068,1 1 1 1 1 1,8.685852037615405e-11,7.312774830126045e-10,1.3189308772208796,1.8268497357983668,2.6029274359420405,3.716180227316945,5.306313338136708,7.576930754829064,1 1 1 1 1 1,8.685852037615405e-11,7.312808136816784e-10,3.552713678800501e-15
weak,0.8852857142857143,1.4423346713317307,1.9763233486537946,2.7842922005109365,3.9305315266164382,5.549461917665149,7.835288470674607,1 1 1 1 1 1,8.54734061306317e-11,7.450955408216942e-10,1.4423346713317284,1.9763233486537917,2.784292200510934,3.930531526616436,5.549461917665146,7.835288470674605,1 1 1 1 1 1,8.54734061306317e-11,7.450982053569533e-10,3.552713678800501e-15
weak,0.8893469387755102,1.5795310453110936,2.1410343813043355,2.9823598232455995,4.16274041967869,5.811167859537526,8.11245426794897,1 1 1 1 1 1,7.94493359990156e-11,7.17998105415063e-10,1.5795310453110911,2.1410343813043324,2.9823598232455972,4.162740419678689,5.811167859537523,8.112454267948966,1 1 1 1 1 1,7.94493359990156e-11,7.180016581287418e-10,3.552713678800501e-15
weak,0.8934081632653061,1.7324154746834741,2.322967331895594,3.1991931263596722,4.414920402165213,6.093569262949598,8.41057348393016,1 1 1 1 1 1,8.856115840671919e-11,8.308340682106063e-10,1.7324154746834715,2.322967331895591,3.1991931263596687,4.41492040216521,6.093569262949596,8.410573483930158,1 1 1 1 1 1,8.856115840671919e-11,8.308360666120507e-10,3.552713678800501e-15
weak,0.8974693877551021,1.9032077100356068,2.524437181913352,3.4371903569459725,4.6895231903546435,6.399143629202805,8.732131169041992,1 1 1 1 1 1,8.43813907636104e-11,8.22977241909939e-10,1.903207710035604,2.52443718191335,3.4371903569459716,4.6895231903546435,6.399143629202804,8.732131169041992,1 1 1 1 1 1,8.43805025851907e-11,8.229783521329637e-10,2.886579864025407e-15
weak,0.9015306122448979,2.094520677142612,2.748158789938685,3.6991549479044172,4.989408672008276,6.730777885998706,9.08002212922615,1 1 1 1 1 1,8.684075680776004e-11,8.819061037002029e-10,2.09452067714261,2.748158789938683,3.6991549479044146,4.989408672008276,6.730777885998705,9.08002212922615,1 1 1 1 1 1,8.684075680776004e-11,8.819061037002029e-10,2.6645352591003757e-15
weak,0.9055918367346939,2.3094473573393626,2.997334310402826,3.988383335698645,5.317932929582273,7.091856489741611,9.457639047658517,1 1 1 1 1 1,8.737721657325892e-11,9.255227695348367e-10,2.3094473573393604,2.9973343104028234,3.988383335698642,5.317932929582269,7.091856489741607,9.457639047658516,1 1 1 1 1 1,8.737810475167862e-11,9.255254340700958e-10,4.440892098500626e-15
weak,0.9096530612244899,2.551671323780567,3.2757643175944406,4.308776518377126,5.6790600207149495,7.4863732913019945,9.868984371382773,1 1 1 1 1 1,8.707079501846238e-11,9.637357578640149e-10,2.5516713237805644,3.275764317594437,4.308776518377123,5.679060020714945,7.486373291301989,9.86898437138277,1 1 1 1 1 1,8.707168319688208e-11,9.63738422399274e-10,5.329070518200751e-15
weak,0.9137142857142857,2.8256087541486288,3.5879904606236765,4.6649831831094675,6.077505346898597,7.919074996731436,10.318813794485212,1 1 1 1 1 1,8.703970877377287e-11,1.0087273238923444e-09,2.825608754148627,3.587990460623675,4.6649831831094675,6.0775053468985964,7.919074996731436,10.318813794485212,1 1 1 1 1 1,8.703970877377287e-11,1.0087282120707641e-09,1.7763568394002505e-15
weak,0.9177755102040817,3.136592830949872,3.939480566235049,5.0625853240864815,6.51892153303019,8.395647146268589,10.812822261297939,1 1 1 1 1 1,8.839506904223526e-11,1.0750511592050316e-09,3.1365928309498687,3.939480566235046,5.062585324086478,6.518921533030189,8.395647146268587,10.812822261297937,1 1 1 1 1 1,8.839684539907466e-11,1.0750538237402907e-09,3.552713678800501e-15
weak,0.9218367346938776,3.4911159805438734,4.336871647051667,5.508341812786678,7.010142281900653,8.92295807641315,11.35788795457127,1 1 1 1 1 1,8.51416714908737e-11,1.0892731161504798e-09,3.4911159805438707,4.336871647051664,5.508341812786676,7.010142281900652,8.922958076413149,11.35788795457127,1 1 1 1 1 1,8.51425596692934e-11,1.089275780685739e-09,2.6645352591003757e-15
weak,0.9258979591836735,3.8971521802331632,4.788293051794278,6.010512162098098,7.559506447407449,9.509383109651305,11.962396513380979,1 1 1 1 1 1,8.618528113402135e-11,1.163054541564179e-09,3.8971521802331623,4.788293051794277,6.010512162098098,7.559506447407449,9.509383109651305,11.962396513380979,1 1 1 1 1 1,8.618528113402135e-11,1.1630554297425988e-09,8.881784197001252e-16
weak,0.9299591836734694,4.364591881095491,5.3038023132576555,6.579293045619136,8.177294890380216,10.165241536612955,12.636678045753492,1 1 1 1 1 1,9.282175028602069e-11,1.3252403618935205e-09,4.36459188109549,5.303802313257655,6.579293045619134,8.177294890380214,10.165241536612955,12.636678045753492,1 1 1 1 1 1,9.282175028602069e-11,1.3252412500719402e-09,1.7763568394002505e-15
weak,0.9340204081632654,4.905838125846815,5.895982282438841,7.227416166751052,8.876328714505096,10.90339498914133,13.393605534715745,1 1 1 1 1 1,8.773071158429957e-11,1.3296688194941453e-09,4.905838125846811,5.895982282438837,7.227416166751048,8.876328714505092,10.903394989141322,13.39360553471574,1 1 1 1 1 1,8.773071158429957e-11,1.3296741485646635e-09,7.105427357601002e-15
weak,0.9380816326530612,5.536637939272888,6.580773636608187,7.970981572362012,9.672802980349,11.740081303389102,14.249428737136514,1 1 1 1 1 1,9.277822954345538e-11,1.4983800866730235e-09,5.536637939272886,6.580773636608186,7.970981572362012,9.672802980348997,11.740081303389102,14.249428737136514,1 1 1 1 1 1,9.277822954345538e-11,1.4983818630298629e-09,1.7763568394002505e-15
weak,0.9421428571428572,6.2772646811291795,7.37865846278524,8.830642120352401,10.587471610431805,12.696099587136606,15.224959289837363,1 1 1 1 1 1,9.28999099869543e-11,1.6056578289180834e-09,6.277264681129178,7.37865846278524,8.830642120352401,10.587471610431805,12.696099587136606,15.224959289837363,1 1 1 1 1 1,9.28999099869543e-11,1.6056578289180834e-09,1.7763568394002505e-15
weak,0.9462040816326531,7.1542369247295365,8.316380492899787,9.833324686273649,11.647369074569713,13.798532081955528,16.347292613913538,1 1 1 1 1 1,9.263168010420486e-11,1.7218937387042388e-09,7.154236924729533,8.316380492899786,9.833324686273645,11.64736907456971,13.798532081955525,16.347292613913538,1 1 1 1 1 1,9.263168010420486e-11,1.7218972914179176e-09,3.552713678800501e-15
weak,0.950265306122449,8.202880669997288,9.429508814188159,11.014794942571942,12.888375693649406,15.083309659952944,17.652373457355377,1 1 1 1 1 1,9.188561023165676e-11,1.8475265761708215e-09,8.202880669997288,9.429508814188159,11.014794942571942,12.888375693649406,15.083309659952944,17.652373457355377,1 1 1 1 1 1,9.188561023165676e-11,1.8475265761708215e-09,0.0
weak,0.9543265306122449,9.47125995898211,10.766370139575331,12.423590806547153,14.359151663104218,16.59914605814149,19.18893017941642,1 1 1 1 1 1,9.210765483658179e-11,2.0165877856470615e-09,9.47125995898211,10.766370139575331,12.423590806547153,14.359151663104218,16.59914605814149,19.18893017941642,1 1 1 1 1 1,9.210765483658179e-11,2.0165877856470615e-09,0.0
weak,0.9583877551020408,11.026410948256334,12.39428471147133,14.127259643310282,16.12737488823621,18.413775944583026,21.02471287132674,1 1 1 1 1 1,9.232969944150682e-11,2.2187833792486344e-09,11.026410948256329,12.394284711471322,14.127259643310275,16.1273748882362,18.413775944583023,21.02471287132674,1 1 1 1 1 1,9.232969944150682e-11,2.2187833792486344e-09,1.0658141036401503e-14
weak,0.9624489795918367,12.964623545562407,14.409849967983018,16.222643367340616,18.290026781628256,20.624240968816324,23.256779466371842,1 1 1 1 1 1,9.469403039474855e-11,2.521687747503165e-09,12.964623545562407,14.409849967983018,16.222643367340616,18.290026781628256,20.624240968816324,23.256779466371842,1 1 1 1 1 1,9.469403039474855e-11,2.521687747503165e-09,0.0
weak,0.9665102040816327,15.429206785852353,16.95670817133231,18.85364765904777,20.991162246595184,23.37466002308617,26.029266066431283,1 1 1 1 1 1,9.483969165557937e-11,2.8318964950813097e-09,15.429206785852353,16.95670817133231,18.85364765904777,20.991162246595184,23.37466002308617,26.029266066431283,1 1 1 1 1 1,9.483969165557937e-11,2.8318964950813097e-09,0.0
weak,0.9705714285714286,18.642967783222005,20.258027863131623,22.243725179933747,24.45439373885439,26.888713609472457,29.565871380730137,1 1 1 1 1 1,9.619682828088116e-11,3.268745274453977e-09,18.642967783222005,20.258027863131623,22.243725179933747,24.45439373885439,26.888713609472457,29.565871380730137,1 1 1 1 1 1,9.619682828088116e-11,3.268745274453977e-09,0.0
weak,0.9746326530612245,22.971893940569494,24.680188860554225,26.759562522038415,29.046579151890114,31.53333206171405,34.23354502634179,1 1 1 1 1 1,9.532641342957504e-11,3.757666178216823e-09,22.971893940569494,24.680188860554225,26.759562522038415,29.046579151890114,31.53333206171405,34.23354502634179,1 1 1 1 1 1,9.532641342957504e-11,3.757666178216823e-09,0.0
weak,0.9786938775510204,29.06167337208558,30.869305785437767,33.047605908492635,35.41434855402609,37.955222653531415,40.67901472309367,1 1 1 1 1 1,9.579537163517671e-11,4.495959160522034e-09,29.06167337208558,30.869305785437767,33.047605908492635,35.41434855402609,37.955222653531415,40.67901472309367,1 1 1 1 1 1,9.579537163517671e-11,4.495959160522034e-09,0.0
weak,0.9827551020408163,38.16712987512839,40.08066650531269,42.36350205261478,44.81354619746113,47.41031201803512,50.158228808430856,1 1 1 1 1 1,9.797673783396021e-11,5.680952597231226e-09,38.16712987512839,40.08066650531269,42.36350205261478,44.81354619746113,47.41031201803512,50.158228808430856,1 1 1 1 1 1,9.797673783396021e-11,5.680952597231226e-09,0.0
weak,0.9868163265306122,53.0905646645476,55.11707774829865,57.51044647021158,60.047580108647296,62.702096192565804,65.47470638769128,1 1 1 1 1 1,9.7891472705669e-11,7.424830528179882e-09,53.0905646645476,55.11707774829865,57.51044647021158,60.047580108647296,62.702096192565804,65.47470638769128,1 1 1 1 1 1,9.7891472705669e-11,7.424830528179882e-09,0.0
weak,0.9908775510204082,81.62656254146711,83.77367562030459,86.28399701124171,88.91223704311129,91.62645607777341,94.42435290987181,1 1 1 1 1 1,9.885070539894514e-11,1.0836174624273553e-08,81.62656254146711,83.77367562030459,86.28399701124171,88.91223704311129,91.62645607777341,94.42435290987181,1 1 1 1 1 1,9.885070539894514e-11,1.0836174624273553e-08,0.0
weak,0.9949387755102042,156.59191693724622,158.86785553055236,161.5020071604626,164.22561737388844,167.00159288667828,169.82539574609132,1 1 1 1 1 1,9.93054527498316e-11,1.961333850886149e-08,156.59191693724622,158.86785553055236,161.5020071604626,164.22561737388844,167.00159288667828,169.82539574609132,1 1 1 1 1 1,9.93054527498316e-11,1.961333850886149e-08,0.0
weak,0.999,843.9319421772327,846.3455899457924,849.1109475779532,851.9344584070795,854.7743520848189,857.6247082735434,1 1 1 1 1 1,9.958966984413564e-11,9.960831448552199e-08,843.9319421772327,846.3455899457924,849.1109475779532,851.9344584070795,854.7743520848189,857.6247082735434,1 1 1 1 1 1,9.958966984413564e-11,9.960831448552199e-08,0.0
medium,0.8,0.08523719084459448,0.17047438208131088,0.3750436410495374,0.8319149860787118,1.846578510561525,4.099022431308654,1 1 1 1 1 1,7.849898508993647e-11,3.9249048455758384e-10,0.08523719084434428,0.17047438208106203,0.37504364104929,0.8319149860784653,1.8465785105612793,4.099022431308407,1 1 1 1 1 1,7.854872308143968e-11,3.927373981582605e-10,2.5020263638708684e-13
medium,0.804061224489796,0.09239611740275151,0.1824588221955517,0.3963348297959916,0.8682108455899828,1.9032459121132268,4.172440426100431,1 1 1 1 1 1,6.839950827952634e-11,3.490834288299993e-10,0.09239611740254221,0.18245882219534332,0.39633482979578416,0.8682108455897761,1.9032459121130203,4.172440426100226,1 1 1 1 1 1,6.844036448683255e-11,3.4928859804495005e-10,2.0930479571745764e-13
medium,0.8081224489795918,0.10022134794033821,0.19540606606223357,0.4190658755121579,0.9065354930422542,1.9625008348063397,4.248762202843265,1 1 1 1 1 1,7.581668626244209e-11,3.951265981072538e-10,0.10022134794011497,0.19540606606201105,0.4190658755119361,0.906535493042033,1.9625008348061184,4.248762202843043,1 1 1 1 1 1,7.58593188265877e-11,3.9534864271217884e-10,2.2323809467650335e-13
medium,0.8121836734693878,0.10878296566218285,0.20940659421614524,0.4433559617091042,0.9470374670309208,2.024514372246657,4.328169483021451,1 1 1 1 1 1,6.945199970687099e-11,3.6978420325795014e-10,0.10878296566198618,0.20940659421594918,0.44335596170890873,0.9470374670307257,2.024514372246462,4.328169483021256,1 1 1 1 1 1,6.94893032004984e-11,3.6997960251028417e-10,1.9666213102453867e-13
medium,0.8162448979591838,0.1181594779346121,0.22456091240269582,0.46933635359641773,0.9898792465161786,2.0894728152808617,4.410859721005917,1 1 1 1 1 1,8.00977062453967e-11,4.3589309939306986e-10,0.1181594779343936,0.22456091240247789,0.46933635359620046,0.9898792465159617,2.0894728152806445,4.410859721005701,1 1 1 1 1 1,8.01376742742832e-11,4.36108926749057e-10,2.184918912462308e-13
medium,0.8203061224489796,0.12843897901257964,0.24098085874704125,0.49715188008169886,1.035238878778123,2.1575793711456925,4.4970478598419374,1 1 1 1 1 1,7.708500504577387e-11,4.289804067525438e-10,0.12843897901237622,0.2409808587468382,0.4971518800814963,1.0352388787779205,2.15757937114549,4.497047859841735,1 1 1 1 1 1,7.712142036098157e-11,4.291829114322354e-10,2.034206136869443e-13
medium,0.8243673469387756,0.13972049534381373,0.25879110847071685,0.5269626307658358,1.0833118362184728,2.2290561196997376,4.586968327311193,1 1 1 1 1 1,7.620837294552985e-11,4.339009151976825e-10,0.13972049534361794,0.25879110847052145,0.5269626307656406,1.0833118362182779,2.2290561196995426,4.5869683273109985,1 1 1 1 1 1,7.624212372547845e-11,4.340954262715968e-10,1.9578783039264636e-13
medium,0.8284285714285715,0.1521155488044058,0.27813091328491785,0.5589459070831582,1.1343131427114195,2.304146248335747,4.680877314205323,1 1 1 1 1 1,7.737810392427491e-11,4.509930207063917e-10,0.15211554880421216,0.27813091328472445,0.5589459070829649,1.1343131427112263,2.3041462483355537,4.680877314205129,1 1 1 1 1 1,7.741096652580381e-11,4.511866436018863e-10,1.9365065107024293e-13
medium,0.8324897959183674,0.1657499765798126,0.2991561161875391,0.5932984706009379,1.1884798142730815,2.3831166113523023,4.779055380971676,1 1 1 1 1 1,8.067591039662148e-11,4.816191889744914e-10,0.16574997657961588,0.29915611618734267,0.5932984706007417,1.1884798142728854,2.383116611352106,4.77905538097148,1 1 1 1 1 1,8.070877299815038e-11,4.818154764052451e-10,1.9673151996357774e-13
medium,0.8365510204081633,0.18076605673715987,0.3220414929985272,0.6302391424087693,1.2460736699674164,2.4662606708431745,4.881810450220376,1 1 1 1 1 1,7.224354447998849e-11,4.4199399695799e-10,0.1807660567369881,0.32204149299835544,0.6302391424085977,1.2460736699672448,2.4662606708430026,4.881810450220204,1 1 1 1 1 1,7.227196618941889e-11,4.4216630357141185e-10,1.723066134218243e-13
medium,0.8406122448979593,0.1973249977615332,0.3469834815125119,0.670011817428145,1.3073845791332828,2.553901886480001,4.989481252955207,1 1 1 1 1 1,7.976552751642885e-11,5.00445906936875e-10,0.19732499776134824,0.34698348151232705,0.6700118174279605,1.3073845791330985,2.5539018864798164,4.98948125295502,1 1 1 1 1 1,7.979572558269865e-11,5.00632424405012e-10,1.865174681370263e-13
medium,0.8446734693877551,0.21560986521986505,0.374203374406269,0.7128889731420124,1.3727342269951626,2.646397637715289,5.1024413126068255,1 1 1 1 1 1,7.634426424374396e-11,4.915108320346917e-10,0.21560986521969217,0.3742033744060962,0.7128889731418397,1.3727342269949896,2.6463976377151153,5.1024413126066515,1 1 1 1 1 1,7.637179777475467e-11,4.916849150049529e-10,1.7408297026122455e-13
medium,0.8487346938775511,0.2358290314590813,0.40395106520764235,0.7591757658887708,1.4424804947210716,2.744143776133939,5.221103565222506,1 1 1 1 1 1,7.569944671104167e-11,5.004405778663568e-10,0.23582903145891407,0.4039510652074752,0.7591757658886037,1.4424804947209047,2.744143776133772,5.22110356522234,1 1 1 1 1 1,7.572431570679328e-11,5.006066672308407e-10,1.672273430841642e-13
medium,0.852795918367347,0.2582202587559423,0.43650946163873,0.8092148334237975,1.5170225759631846,2.8475799318854618,5.3459257404566936,1 1 1 1 1 1,7.774048071951256e-11,5.281126647105339e-10,0.25822025875577465,0.4365094616385624,0.8092148334236299,1.5170225759630174,2.847579931885295,5.345925740456527,1 1 1 1 1 1,7.776534971526416e-11,5.282796422534375e-10,1.6764367671839864e-13
medium,0.8568571428571429,0.28305554857710286,0.4721997034640138,0.8633919459120176,1.5968069758572185,2.957195722338541,5.477416652316129,1 1 1 1 1 1,8.266898277042856e-11,5.775282474473897e-10,0.28305554857692866,0.4721997034638397,0.8633919459118433,1.5968069758570445,2.957195722338366,5.477416652315954,1 1 1 1 1 1,8.269385176618016e-11,5.777032185960707e-10,1.7497114868092467e-13
medium,0.8609183673469388,0.3106469241538494,0.5113873571937909,0.922142683484529,1.6823345749856395,3.0735380479417724,5.616143585571516,1 1 1 1 1 1,7.83484388477973e-11,5.633258304271749e-10,0.31064692415368816,0.5113873571936298,0.9221426834843679,1.6823345749854781,3.0735380479416112,5.616143585571355,1 1 1 1 1 1,7.83706433082898e-11,5.634870348103505e-10,1.6142642778049776e-13
medium,0.8649795918367347,0.34135335411026047,0.5544898013162569,0.9859603606922026,1.774168983663126,3.1972197034929204,5.7627410071015515,1 1 1 1 1 1,7.757794406870744e-11,5.745643960608504e-10,0.3413533541101043,0.5544898013161009,0.9859603606920468,1.7741689836629702,3.197219703492764,5.762741007101397,1 1 1 1 1 1,7.759926035078024e-11,5.747193831950881e-10,1.5631940186722204e-13
medium,0.8690408163265306,0.3755890798653977,0.6019850716393392,1.0554054751254067,1.8729464696044857,3.3289295911481487,5.917920889722533,1 1 1 1 1 1,8.022915665151231e-11,6.126246177018402e-10,0.3755890798652401,0.6019850716391816,1.055405475125249,1.8729464696043283,3.328929591147991,5.917920889722376,1 1 1 1 1 1,8.024958475516542e-11,6.127818252821271e-10,1.5765166949677223e-13
medium,0.8731020408163266,0.4138336771274076,0.6544225050104626,1.1311170273655975,1.9793878128308893,3.4694448927995754,6.082485007538933,1 1 1 1 1 1,8.663336714676007e-11,6.826996745701308e-10,0.4138336771272411,0.6544225050102963,1.131117027365431,1.9793878128307225,3.4694448927994093,6.082485007538767,1 1 1 1 1 1,8.665423933962302e-11,6.828657639346147e-10,1.667554982986985e-13
medium,0.8771632653061225,0.456644273639545,0.7124356128111289,1.2138261539898463,2.0943125372849924,3.6196456556541583,6.257339658273169,1 1 1 1 1 1,8.565415043904068e-11,6.97300883700791e-10,0.45664427363938376,0.7124356128109676,1.2138261539896849,2.0943125372848317,3.6196456556539975,6.2573396582730085,1 1 1 1 1 1,8.567457854269378e-11,6.974616439947567e-10,1.6142642778049776e-13
medium,0.8812244897959184,0.5046704631132128,0.7767577349214815,1.3043726363353294,2.218656090863164,3.7805323677808262,6.443513391223738,1 1 1 1 1 1,7.859979334057243e-11,6.617463244040778e-10,0.5046704631130676,0.7767577349213363,1.3043726363351837,2.218656090863018,3.78053236778068,6.443513391223592,1 1 1 1 1 1,7.861666873054673e-11,6.618918746426061e-10,1.4654943925052066e-13
medium,0.8852857142857143,0.5586726134473963,0.8482411848233824,1.4037250097069467,2.3534907090330788,3.953247264677393,6.642178484089826,1 1 1 1 1 1,8.65698623897515e-11,7.54656781509766e-10,0.5586726134472391,0.8482411848232252,1.4037250097067897,2.353490709032922,3.9532472646772363,6.64217848408967,1 1 1 1 1 1,8.658773698044797e-11,7.548135450008431e-10,1.5720758028692217e-13
medium,0.8893469387755102,0.6195444776480417,0.9278808089800785,1.5130052125651838,2.50005091382369,4.13910032550716,6.854677129860111,1 1 1 1 1 1,7.937206447650169e-11,7.172984428649443e-10,0.6195444776479,0.9278808089799367,1.513005212565042,2.5000509138235474,4.139100325507017,6.854677129859968,1 1 1 1 1 1,7.938760759884644e-11,7.174403293674914e-10,1.4299672557172016e-13
medium,0.8934081632653061,0.6883412962398091,1.01684316658606,1.633519001035219,2.6597648878846116,4.33960120673317,7.082553584471901,1 1 1 1 1 1,8.72750760549934e-11,8.187708289142392e-10,0.6883412962396561,1.0168431665859072,1.633519001035066,2.659764887884458,4.339601206733017,7.082553584471748,1 1 1 1 1 1,8.729061917733816e-11,8.189240396916375e-10,1.5365486660812167e-13
medium,0.8974693877551021,0.7663149713824955,1.1165029302914653,1.766793752003486,2.834293363759521,4.556498762723111,7.327593928306405,1 1 1 1 1 1,8.203182577659618e-11,8.000720086442925e-10,0.7663149713823539,1.1165029302913234,1.7667937520033443,2.834293363759379,4.556498762722968,7.327593928306262,1 1 1 1 1 1,8.204636969821877e-11,8.002150053698642e-10,1.4299672557172016e-13
medium,0.9015306122448979,0.8549584156598784,1.2284886349821247,1.9146258086528365,3.0255782021352537,4.791830338193415,7.5918756304991355,1 1 1 1 1 1,8.328893130737924e-11,8.458362898977612e-10,0.8549584156597374,1.228488634981984,1.9146258086526955,3.0255782021351125,4.791830338193274,7.591875630498994,1 1 1 1 1 1,8.330314216209445e-11,8.459775102664935e-10,1.412203687323199e-13
medium,0.9055918367346939,0.9560619242367832,1.3547406519215306,2.0791402774742127,3.2359035916739307,5.047983778230455,7.877829866658036,1 1 1 1 1 1,8.268230544672406e-11,8.757865543884691e-10,0.9560619242366452,1.3547406519213925,2.079140277474075,3.2359035916737917,5.047983778230317,7.8778298666578985,1 1 1 1 1 1,8.269473994459986e-11,8.759246661327325e-10,1.389999226830696e-13
medium,0.9096530612244899,1.071785451935592,1.4975853038726747,2.2628672301206287,3.467973851796356,5.327776152837498,8.188320592693131,1 1 1 1 1 1,8.93685125902266e-11,9.891643060200295e-10,1.071785451935445,1.497585303872528,2.2628672301204817,3.4679738517962093,5.327776152837351,8.188320592692984,1 1 1 1 1 1,8.938139117731225e-11,9.893112995484898e-10,1.474376176702208e-13
medium,0.9137142857142857,1.2047521650820248,1.6598305317636068,2.4688397657405083,3.725013327449827,5.634554703599472,8.526745889199033,1 1 1 1 1 1,8.775868920452012e-11,1.0170635444950449e-09,1.2047521650818829,1.6598305317634647,2.4688397657403662,3.725013327449684,5.634554703599329,8.526745889198892,1 1 1 1 1 1,8.777067961318608e-11,1.017205653042197e-09,1.4299672557172016e-13
medium,0.9177755102040817,1.358170781769066,1.8448906753927776,2.7007215503177835,4.010896032374755,5.972327691175912,8.8971692632853,1 1 1 1 1 1,8.756018132771715e-11,1.0648841808347242e-09,1.3581707817689268,1.8448906753926382,2.700721550317645,4.0108960323746174,5.9723276911757734,8.897169263285162,1 1 1 1 1 1,8.757150560256832e-11,1.0650234028020122e-09,1.3944401189291966e-13
medium,0.9218367346938776,1.5359973764635586,2.056951102942184,2.9629746328228084,4.330315888752547,6.345936018162447,9.304491792217005,1 1 1 1 1 1,8.988720878733147e-11,1.1499921015456493e-09,1.535997376463418,2.056951102942043,2.9629746328226676,4.3303158887524065,6.345936018162309,9.30449179221687,1 1 1 1 1 1,8.989786692836788e-11,1.150129325111493e-09,1.4077627952246985e-13
medium,0.9258979591836735,1.743152046722349,2.3011881582531637,3.261083085748407,4.689013168868349,6.761281265112866,9.75468075849717,1 1 1 1 1 1,8.901146486550715e-11,1.2011946992629419e-09,1.7431520467222112,2.301188158253026,3.2610830857482695,4.689013168868213,6.761281265112731,9.754680758497035,1 1 1 1 1 1,8.90216789173337e-11,1.2013317007841806e-09,1.376676550535194e-13
medium,0.9299591836734694,1.9858130434753631,2.584067113830109,3.6018552534659287,5.09407999265671,7.225633032563328,10.255077683570844,1 1 1 1 1 1,8.72208971713917e-11,1.2452936459794728e-09,1.9858130434752321,2.5840671138299784,3.601855253465799,5.094079992656582,7.225633032563199,10.255077683570716,1 1 1 1 1 1,8.72306671340084e-11,1.2454215436719096e-09,1.3100631690576847e-13
medium,0.9340204081632654,2.2718221741854574,2.9137520445017917,3.9938386398129455,5.55437899839674,7.748049753787954,10.814819942329542,1 1 1 1 1 1,9.28643828501663e-11,1.407467919989358e-09,2.271822174185319,2.9137520445016527,3.993838639812805,5.5543789983966,7.748049753787814,10.814819942329402,1 1 1 1 1 1,9.287370872357315e-11,1.4076082521796707e-09,1.4033219031261979e-13
medium,0.9380816326530612,2.6112531329753366,3.3006794054241353,4.447899361425802,6.081127218252267,8.339965068077278,11.445428069552309,1 1 1 1 1 1,8.976108745173406e-11,1.44963863135672e-09,2.6112531329752042,3.3006794054240025,4.44789936142567,6.081127218252137,8.339965068077147,11.445428069552174,1 1 1 1 1 1,8.976819287909166e-11,1.4497736344765144e-09,1.3500311979441904e-13
medium,0.9421428571428572,3.017223557396686,3.7583762739390116,4.978047302389938,6.688726423775721,9.016021091151972,12.161640121147231,1 1 1 1 1 1,9.335821005151956e-11,1.6135874858491661e-09,3.0172235573965507,3.7583762739388766,4.978047302389803,6.688726423775586,9.016021091151835,12.161640121147096,1 1 1 1 1 1,9.336709183571656e-11,1.6137224889689605e-09,1.3677947663381929e-13
medium,0.9462040816326531,3.507080608974401,4.304653250653433,5.602637183795374,7.395970315410336,9.795279045225397,12.982623585176551,1 1 1 1 1 1,9.071854378817079e-11,1.6863248575305079e-09,3.5070806089742694,4.304653250653302,5.602637183795242,7.395970315410205,9.795279045225264,12.982623585176416,1 1 1 1 1 1,9.072564921552839e-11,1.6864571961150432e-09,1.3500311979441904e-13
medium,0.950265306122449,4.104174924206694,4.963387113697422,6.3461609142282125,8.227844121917421,10.703022924795114,13.933780559147507,1 1 1 1 1 1,9.229772501839761e-11,1.8557670955487993e-09,4.104174924206563,4.963387113697294,6.346160914228084,8.227844121917292,10.703022924794986,13.933780559147378,1 1 1 1 1 1,9.230305408891581e-11,1.8558967695980755e-09,1.305622276959184e-13
medium,0.9543265306122449,4.840590996665248,5.7672615971654295,7.241999933517655,9.218285572649712,11.773525299086552,15.049515345083746,1 1 1 1 1 1,9.409362178303127e-11,2.0601156336397253e-09,4.840590996665116,5.767261597165297,7.2419999335175245,9.218285572649581,11.773525299086424,15.049515345083616,1 1 1 1 1 1,9.409895085354947e-11,2.060247084045841e-09,1.3233858453531866e-13
medium,0.9583877551020408,5.761489946151781,6.762122641781335,8.336794328772621,10.414564337955433,13.054432520479306,16.377621795483588,1 1 1 1 1 1,9.513101417724101e-11,2.2861019743913857e-09,5.761489946151651,6.762122641781205,8.336794328772491,10.414564337955303,13.054432520479175,16.37762179548346,1 1 1 1 1 1,9.513634324775921e-11,2.286231648440662e-09,1.3145040611561853e-13
medium,0.9624489795918367,6.932288949641408,8.01417289128198,9.69765404423685,11.884505661143818,14.613995283403362,17.98651643562052,1 1 1 1 1 1,9.392309152644884e-11,2.5011619442238953e-09,6.932288949641284,8.014172891281854,9.697654044236723,11.884505661143686,14.61399528340323,17.986516435620388,1 1 1 1 1 1,9.392842059696704e-11,2.5012880655594927e-09,1.3145040611561853e-13
medium,0.9665102040816327,8.451090457547922,9.62241919721117,11.424626649681574,13.728973161294896,16.553559795862874,19.977732727914074,1 1 1 1 1 1,9.371170506256021e-11,2.798177689555814e-09,8.451090457547798,9.622419197211046,11.424626649681452,13.728973161294773,16.553559795862753,19.97773272791395,1 1 1 1 1 1,9.371525777623901e-11,2.798302034534572e-09,1.2434497875801753e-13
medium,0.9705714285714286,10.471440175410951,11.741452937737677,13.673502379348525,16.104692182971426,19.03040130452033,22.508758352850496,1 1 1 1 1 1,9.675815704213164e-11,3.2878553213322448e-09,10.47144017541082,11.741452937737547,13.673502379348397,16.1046921829713,19.030401304520193,22.508758352850364,1 1 1 1 1 1,9.676170975581044e-11,3.2879867717383604e-09,1.3500311979441904e-13
medium,0.9746326530612245,13.247000469442758,14.62615088410209,16.7005453551896,19.269003470797983,22.302490225964092,25.837805932748374,1 1 1 1 1 1,9.600498174222594e-11,3.7844500866413e-09,13.247000469442638,14.626150884101973,16.700545355189487,19.269003470797873,22.30249022596398,25.837805932748257,1 1 1 1 1 1,9.600853445590474e-11,3.784570878906379e-09,1.2079226507921703e-13
medium,0.9786938775510204,17.22739868601792,18.727557517693647,20.958413447830765,23.67581075726929,26.824455095620284,30.419781637749,1 1 1 1 1 1,9.709566484161769e-11,4.5571368900709786e-09,17.227398686017793,18.727557517693523,20.95841344783064,23.675810757269165,26.82445509562016,30.41978163774888,1 1 1 1 1 1,9.709921755529649e-11,4.557257682336058e-09,1.2789769243681803e-13
medium,0.9827551020408163,23.289642697534184,24.92434298487251,27.3276630189851,30.207120012451163,33.47914090891757,37.13785055067833,1 1 1 1 1 1,9.751133234203735e-11,5.65422553222561e-09,23.289642697534052,24.924342984872386,27.327663018984975,30.207120012451036,33.47914090891745,37.13785055067819,1 1 1 1 1 1,9.751488505571615e-11,5.654356982631725e-09,1.4210854715202004e-13
medium,0.9868163265306122,33.397485180102834,35.18222070818078,37.7762253203971,40.83255914706801,44.23715275250411,47.962989093048215,1 1 1 1 1 1,9.845280146691948e-11,7.467505724889634e-09,33.39748518010273,35.18222070818069,37.776225320396996,40.832559147067904,44.23715275250402,47.962989093048115,1 1 1 1 1 1,9.845280146691948e-11,7.46760520087264e-09,1.0658141036401503e-13
medium,0.9908775510204082,53.02246759316846,54.97505903089373,57.78059266211894,61.030619013897606,64.57812706899826,68.37526740344472,1 1 1 1 1 1,9.842437975748908e-11,1.0788490101276693e-08,53.022467593168365,54.97505903089363,57.78059266211884,61.03061901389751,64.57812706899817,68.37526740344464,1 1 1 1 1 1,9.842437975748908e-11,1.0788582471832342e-08,9.947598300641403e-14
medium,0.9949387755102042,105.22213492260275,107.36318263064817,110.40421521052309,113.86712031476232,117.56923721721553,121.44236908114407,1 1 1 1 1 1,9.902123565552756e-11,1.9566471110010752e-08,105.22213492260265,107.36318263064805,110.40421521052296,113.86712031476219,117.56923721721542,121.44236908114395,1 1 1 1 1 1,9.903544651024276e-11,1.9566584796848474e-08,1.2789769243681803e-13
medium,0.999,587.7738906630218,590.127339675085,593.431591511241,597.1293947146165,600.999424483712,604.9538404937864,1 1 1 1 1 1,9.981704351957887e-11,9.97682718661963e-08,587.7738906630218,590.127339675085,593.431591511241,597.1293947146165,600.999424483712,604.9538404937864,1 1 1 1 1 1,9.981704351957887e-11,9.97682718661963e-08,0.0
strong,0.8,0.024999999940714463,0.019999999940714462,0.037294626187039985,0.15647313135685828,0.7264237180603385,3.397408894041733,0 0 1 1 1 1,7.388578637801402e-11,3.375140167349855e-10,0.024999999940714463,0.019999999940714462,0.03729462618678321,0.15647313135629004,0.7264237180594662,3.3974088940406544,0 0 1 1 1 1,7.412648272975275e-11,3.385927094257113e-10,1.078692690725802e-12
strong,0.804061224489796,0.025518175128685643,0.02051817512868564,0.0393097572897027,0.16328965851935492,0.7471741816921709,3.4437627424785937,0 0 1 1 1 1,7.141620628203782e-11,3.3256908338330504e-10,0.025518175128685643,0.02051817512868564,0.03930975728946146,0.16328965851882105,0.7471741816913513,3.443762742477581,0 0 1 1 1 1,7.1637806797753e-11,3.335816067817632e-10,1.0125233984581428e-12
strong,0.8081224489795918,0.02605828540641398,0.02105828540641398,0.041453801484116926,0.17047342108214023,0.7687685222598343,3.491546203368707,0 0 1 1 1 1,7.030687143583236e-11,3.339089005294227e-10,0.02605828540641398,0.02105828540641398,0.041453801483886187,0.1704734210816296,0.7687685222590502,3.4915462033677382,0 0 1 1 1 1,7.051559336446189e-11,3.3487745909610567e-10,9.685585666829866e-13
strong,0.8121836734693878,0.02662175370637762,0.02162175370637762,0.04373666092006799,0.17804943226331502,0.7912553853285413,3.5408312104447845,0 0 1 1 1 1,7.048939210108074e-11,3.415778770943234e-10,0.02662175370637762,0.02162175370637762,0.04373666091984332,0.17804943226281783,0.791255385327778,3.5408312104438404,0 0 1 1 1 1,7.068878815630342e-11,3.4252201075446465e-10,9.441336601412331e-13
strong,0.8162448979591838,0.027210128755542237,0.022210128755542236,0.046169149772895476,0.1860448314930518,0.8146871531894738,3.5916948227280905,0 0 1 1 1 1,7.19651005454125e-11,3.559836869726496e-10,0.027210128755542237,0.022210128755542236,0.04616914977267281,0.18604483149255902,0.8146871531887172,3.5916948227271543,0 0 1 1 1 1,7.215916753011697e-11,3.569198270270135e-10,9.36140054363932e-13
strong,0.8203061224489796,0.027825099290621238,0.022825099290621237,0.04876309415734658,0.19448910511556317,0.8391203090952338,3.6442197023743566,0 0 1 1 1 1,7.48090478452923e-11,3.7793101981264954e-10,0.027825099290621238,0.022825099290621237,0.04876309415712195,0.19448910511506604,0.8391203090944704,3.644219702373413,0 0 1 1 1 1,7.500045029473767e-11,3.788747093835809e-10,9.43689570931383e-13
strong,0.8243673469387756,0.028468510245557483,0.023468510245557482,0.05153144492779484,0.20341433449926286,0.8646158449557225,3.698494647993661,0 0 1 1 1 1,7.917089206443961e-11,4.086966320926422e-10,0.028468510245557483,0.023468510245557482,0.051531444927564264,0.2034143344987526,0.8646158449549392,3.698494647992693,0 0 1 1 1 1,7.936407087072439e-11,4.096647465701153e-10,9.681144774731365e-13
strong,0.8284285714285715,0.029142381257031662,0.02414238125703166,0.054488405335991495,0.2128554756114796,0.8912397187490106,3.754615191283884,0 0 1 1 1 1,6.908518201953484e-11,3.6485925392071294e-10,0.029142381257031662,0.02414238125703166,0.054488405335797706,0.21285547561105075,0.8912397187483523,3.7546151912830705,0 0 1 1 1 1,6.924416595666116e-11,3.6567282535315826e-10,8.135714324453147e-13
strong,0.8324897959183674,0.02984892776682748,0.02484892776682748,0.05764957561376252,0.2228506744198412,0.9190633684283143,3.8126842655029525,0 0 1 1 1 1,7.615241770508874e-11,4.114291130008496e-10,0.02984892776682748,0.02484892776682748,0.057649575613555604,0.22285067441938328,0.919063368427611,3.8126842655020834,0 0 1 1 1 1,7.631895115878251e-11,4.122981955845262e-10,8.690825836765725e-13
strong,0.8365510204081633,0.030590585482250927,0.025590585482250926,0.06103211769429044,0.23344162444689742,0.9481642918879326,3.872812957651175,0 0 1 1 1 1,6.993028378587951e-11,3.870295195440576e-10,0.030590585482250927,0.025590585482250926,0.06103211769410783,0.23344162444649322,0.948164291887312,3.8728129576504076,0 0 1 1 1 1,7.007416868987093e-11,3.8779690569867853e-10,7.673861546209082e-13
strong,0.8406122448979593,0.03137003827843557,0.026370038278435568,0.06465494235717967,0.24467397158577625,0.9786267010686327,3.935121354585569,0 0 1 1 1 1,8.025136111200482e-11,4.549378651574898e-10,0.03137003827843557,0.026370038278435568,0.06465494235697694,0.24467397158532753,0.9786267010679436,3.9351213545847172,0 0 1 1 1 1,8.040812460308189e-11,4.557896282619822e-10,8.517631044924201e-13
strong,0.8446734693877551,0.03219025081123237,0.02719025081123237,0.06853892358957452,0.25659777541188084,1.010542264015289,3.999739500121284,0 0 1 1 1 1,7.751532749011858e-11,4.5078962784828036e-10,0.03219025081123237,0.02719025081123237,0.06853892358938674,0.2565977754114652,1.0105422640146509,3.9997395001204947,0 0 1 1 1 1,7.765699194806075e-11,4.515787743741839e-10,7.891465259035613e-13
strong,0.8487346938775511,0.033054506095720596,0.028606846915208144,0.07291976485655496,0.269350019673345,1.0440430955633868,4.066823169997799,0 1 1 1 1 1,7.427747306110177e-11,4.4913051056028053e-10,0.033054506095720596,0.028606846909937148,0.07291976484454543,0.26935001965388417,1.0440430955370434,4.066823169966933,0 1 1 1 1 1,7.952127845101131e-11,4.799964870016993e-10,3.086597644141875e-11
strong,0.852795918367347,0.033966449342032266,0.030457673108149327,0.07776856229804904,0.2829739278163227,1.0792331556721872,4.1365240376340235,0 1 1 1 1 1,7.887557273988932e-11,4.89208673570829e-10,0.033966449342032266,0.0304576731043279,0.0777685622893405,0.2829739278022071,1.0792331556530745,4.1365240376116255,0 1 1 1 1 1,8.259348760475405e-11,5.116067569588267e-10,2.2398083387997758e-11
strong,0.8568571428571429,0.03493013959762788,0.032466981774331424,0.08301018422820972,0.2974982204309594,1.1162179660206526,4.209003156926699,0 1 1 1 1 1,7.1611161445162e-11,4.5628745226622414e-10,0.03493013959762788,0.03246698177159755,0.08301018422197885,0.29749822042085833,1.1162179660069738,4.209003156910667,0 1 1 1 1 1,7.420819514436516e-11,4.723199609202311e-10,1.603250865400696e-11
strong,0.8609183673469388,0.03595010990487175,0.034651653401874115,0.08868382390971352,0.31300107624959655,1.155131177222032,4.28444437448627,0 1 1 1 1 1,7.933209644761519e-11,5.1950532764522e-10,0.03595010990487175,0.03465165339934329,0.08868382390394515,0.3130010762402445,1.1551311772093664,4.284444374471425,0 1 1 1 1 1,8.167866383246292e-11,5.343503417520878e-10,1.4845014106867893e-11
strong,0.8649795918367347,0.037031438780906346,0.037030746780525974,0.0948334607124101,0.3295693780992288,1.1961199813050607,4.3630489909808805,0 1 1 1 1 1,7.664269219276321e-11,5.165805561091474e-10,0.037031438780906346,0.037030746778433724,0.0948334607076411,0.32956937809149656,1.1961199812945882,4.363048990968605,0 1 1 1 1 1,7.853362404830477e-11,5.288560700478229e-10,1.2275513938675431e-11
strong,0.8690408163265306,0.03817983464381933,0.03962583463075368,0.10150856599937362,0.3472999199727218,1.2393468807721093,4.445037953979311,0 1 1 1 1 1,7.668177204323001e-11,5.325118124233086e-10,0.03817983464381933,0.039625834628924966,0.10150856599520516,0.34729991996596293,1.2393468807629544,4.445037953968578,0 1 1 1 1 1,7.829292769656604e-11,5.432445604469649e-10,1.0732748023656313e-11
strong,0.8731020408163266,0.039401736699836695,0.042461400815205934,0.10876493371592394,0.3663008183814355,1.2849917454668167,4.530654398731319,0 1 1 1 1 1,7.94768695300263e-11,5.692548654678831e-10,0.039401736699836695,0.04246140081352918,0.1087649337121018,0.366300818375238,1.284991745458422,4.530654398721479,0 1 1 1 1 1,8.091483039152081e-11,5.790949941797408e-10,9.840128711857687e-12
strong,0.8771632653061225,0.040704435725670195,0.0455653117292169,0.11666566069063614,0.3866931679528533,1.3332542122499662,4.620166602385318,0 1 1 1 1 1,8.533973527846683e-11,6.311555722504636e-10,0.040704435753572056,0.04556531176552961,0.11666566073771165,0.38669316801184755,1.3332542123199862,4.620166602462593,0 1 1 1 1 1,7.489298070595396e-11,5.538804970228739e-10,7.72750752275897e-11
strong,0.8812244897959184,0.04209621968736304,0.048969378445936185,0.12528230889996886,0.40861299226856906,1.3843564971900586,4.713871434354761,0 1 1 1 1 1,8.243894455972622e-11,6.308091826667805e-10,0.04209621968736304,0.048969378444554346,0.1252823088968189,0.4086129922634613,1.3843564971831401,4.7138714343466495,0 1 1 1 1 1,8.356071390380748e-11,6.389209161739018e-10,8.111733507121244e-12
strong,0.8852857142857143,0.04358655016215706,0.0527100299118229,0.1346962892344437,0.4322135523772511,1.4385467054547108,4.812098403781727,0 1 1 1 1 1,8.334222201256125e-11,6.606972746681095e-10,0.04358655016215706,0.05271002991057648,0.13469628923160248,0.43221355237264386,1.4385467054484702,4.812098403774411,0 1 1 1 1 1,8.432454734474959e-11,6.680132003111794e-10,7.315925643069932e-12
strong,0.8893469387755102,0.045186277840740766,0.056829123602169636,0.1450005174223043,0.4576680923148046,1.4961027465648753,4.91521443130773,0 1 1 1 1 1,7.736478124797941e-11,6.368985339122446e-10,0.045186277840740766,0.056829123601137545,0.14500051741995154,0.45766809231098954,1.4961027465597072,4.9152144313016715,0 1 1 1 1 1,7.815348368467312e-11,6.429567989130192e-10,6.058265000774554e-12
strong,0.8934081632653061,0.04690790698176845,0.06137492604533114,0.15630140456296948,0.48517311945932245,1.5573369876373913,5.023629501715832,0 1 1 1 1 1,8.604938983580723e-11,7.361622422763503e-10,0.04690790698176845,0.06137492604430144,0.1563014045606222,0.4851731194555161,1.5573369876322354,5.023629501709788,0 1 1 1 1 1,8.681322327674934e-11,7.422062964224097e-10,6.044054146059352e-12
strong,0.8974693877551021,0.04876592320337025,0.06640330656468689,0.16872126407742333,0.5149523465490844,1.6226018154831756,5.137803398488437,0 1 1 1 1 1,7.87387932632555e-11,7.025438009122809e-10,0.04876592320337025,0.06640330656385691,0.16872126407553134,0.5149523465460164,1.6226018154790198,5.137803398483566,0 1 1 1 1 1,7.933387280445459e-11,7.074145713659163e-10,4.870770453635487e-12
strong,0.9015306122448979,0.05077720162875206,0.07197919766856611,0.1824012367192509,0.547261453217634,1.6922963201792236,5.2582537703184995,0 1 1 1 1 1,8.628298076018837e-11,8.036282750367718e-10,0.05077720162875206,0.07197919766775623,0.18240123671740466,0.5472614532146401,1.692296320175168,5.258253770313746,0 1 1 1 1 1,8.684519769985855e-11,8.083818059390069e-10,4.75353090223507e-12
strong,0.9055918367346939,0.052961521316218646,0.07817839550793584,0.19750486971768916,0.5823938757725355,1.766874379259571,5.385565856658141,0 1 1 1 1 1,8.952660834893322e-11,8.730101086484865e-10,0.05296152136501808,0.07817839556302174,0.1975048697808192,0.5823938758445734,1.766874379339848,5.385565856743839,0 1 1 1 1 1,8.069989121395338e-11,7.873115492884608e-10,8.569855936002568e-11
strong,0.9096530612244899,0.0553422176244122,0.0850897927461671,0.21422252225868577,0.6206878896783419,1.8468544960580926,5.520404286309376,0 1 1 1 1 1,8.9343643594475e-11,9.150067370455872e-10,0.0553422176244122,0.08508979274553542,0.21422252225724583,0.620687889676007,1.84685449605493,5.520404286305669,0 1 1 1 1 1,8.975309384595676e-11,9.187139937694155e-10,3.707256723828323e-12
strong,0.9137142857142857,0.05794701922553435,0.09281817040680028,0.23277682862225915,0.662535336523665,1.9328318597701795,5.663527494981295,0 1 1 1 1 1,8.710721033367008e-11,9.39978761493876e-10,0.05794701922553435,0.09281817040627752,0.2327768286210675,0.6625353365217328,1.9328318597675627,5.663527494978228,0 1 1 1 1 1,8.743405999211973e-11,9.430456415771005e-10,3.0668800832245324e-12
strong,0.9177755102040817,0.060809133077287705,0.1014877167327489,0.2534295240317772,0.7083924574925523,2.025493239549046,5.815805475559237,0 1 1 1 1 1,8.427925024534488e-11,9.613794205165505e-10,0.060809133077287705,0.10148771673232977,0.2534295240308218,0.708392457491003,2.025493239546947,5.815805475556777,0 1 1 1 1 1,8.453149291653972e-11,9.638396747391198e-10,2.460254222569347e-12
strong,0.9218367346938776,0.06396866756821475,0.11124650251109283,0.27649004439457453,0.7587934519072315,2.125635529029973,5.978241810621759,0 1 1 1 1 1,8.966427600398674e-11,1.083583001104671e-09,0.06396866756821475,0.11124650251072712,0.2764900443937408,0.7587934519058795,2.125635529028142,5.978241810619612,0 1 1 1 1 1,8.987566246787537e-11,1.0857297283450862e-09,2.1467272404152027e-12
strong,0.9258979591836735,0.06810839098729721,0.12261732267760142,0.30251457882886856,0.8144708115847427,2.234247502709822,6.152039385230062,1 1 1 1 1 1,9.225598063267171e-11,1.2443193142530617e-09,0.06810839101236882,0.12261732270280268,0.3025145788543449,0.8144708116106077,2.2342475027360993,6.152039385256631,1 1 1 1 1 1,9.024692104731002e-11,1.2177503450061522e-09,2.6568969246909546e-11
strong,0.9299591836734694,0.07943102714773755,0.13925530945409956,0.33387327840373104,0.8772602686796372,2.353058197595987,6.338984668435751,1 1 1 1 1 1,9.070522111187529e-11,1.2948877525786884e-09,0.07943102717907714,0.1392553094854574,0.3338732784351275,0.8772602687110884,2.353058197627497,6.3389846684673,1 1 1 1 1 1,8.849010413314318e-11,1.2633387669325202e-09,3.154898564616815e-11
strong,0.9340204081632654,0.09311543995999284,0.15889257671407214,0.3698006627983671,0.9473915259950061,2.483019153613615,6.5404756993798445,1 1 1 1 1 1,8.964295972191394e-11,1.3585870206611617e-09,0.09311543991339874,0.15889257666748333,0.3698006627517894,0.947391525948444,2.4830191535670703,6.540475699333312,1 1 1 1 1 1,9.271161616197787e-11,1.405119576247671e-09,4.659410357543692e-11
strong,0.9380816326530612,0.1097831525571053,0.182245861826372,0.4112318696344831,1.026145745602832,2.625827223247655,6.758534794086058,1 1 1 1 1 1,9.324896410589645e-11,1.5059651303772625e-09,0.1097831525699833,0.18224586183925215,0.41123186964736774,1.0261457456157228,2.625827223260552,6.75853479409896,1 1 1 1 1 1,9.244871534974664e-11,1.4930634506526985e-09,1.2901679724564019e-11
strong,0.9421428571428572,0.13026169821851963,0.21025561548541927,0.45936480060580864,1.1151252346993987,2.7835660688758512,6.9956196757944396,1 1 1 1 1 1,9.414780066663297e-11,1.6272414526952161e-09,0.1302616982705969,0.21025561553749736,0.45936480065788854,1.115125234751481,2.783566068927936,6.995619675846527,1 1 1 1 1 1,9.113421128859045e-11,1.5751542292719023e-09,5.2087223423313844e-11
strong,0.9462040816326531,0.1556702003889549,0.24417564700803115,0.5157585537998528,1.2163646352143613,2.958831255158674,7.254758601406282,1 1 1 1 1 1,9.141709611526494e-11,1.6993277895949177e-09,0.15567020037405138,0.24417564699312785,0.5157585537849498,1.2163646351994584,2.9588312551437723,7.254758601391381,1 1 1 1 1 1,9.2219565317464e-11,1.7142287589422267e-09,1.490352286026564e-11
strong,0.950265306122449,0.18754925975326264,0.285708216578363,0.5824797421339665,1.3324934907956354,3.1549104674842026,7.53974328898142,1 1 1 1 1 1,9.481659901666717e-11,1.9064501088905672e-09,0.18754925975992776,0.2857082165850281,0.5824797421406317,1.332493490802301,3.154910467490868,7.539743288988086,1 1 1 1 1 1,9.448530846611902e-11,1.8997847739399276e-09,6.66666721826914e-12
strong,0.9543265306122449,0.22806360342315893,0.3372134150463785,0.6623263595727065,1.4669810202301228,3.3760509304511994,7.85541260408897,1 1 1 1 1 1,9.492850949754938e-11,2.0784054477474e-09,0.22806360344720555,0.33721341507042524,0.6623263595967533,1.4669810202541695,3.3760509304752446,7.855412604113016,1 1 1 1 1 1,9.382983279238033e-11,2.0543593493016488e-09,2.4046875601868578e-11
strong,0.9583877551020408,0.28032855378908134,0.4020444299042012,0.759181945280634,1.6245174832833156,3.6278701553057493,8.208084370493571,1 1 1 1 1 1,9.48630063390965e-11,2.2796911025579902e-09,0.2803285538270528,0.4020444299421727,0.7591819453186056,1.6245174833212874,3.6278701553437207,8.208084370531544,1 1 1 1 1 1,9.328360306426475e-11,2.241717922402131e-09,3.7973180155859154e-11
strong,0.9624489795918367,0.34895619119738613,0.4851053422770444,0.8785983298121889,1.8116327499492793,3.9180131046237765,8.606240150035912,1 1 1 1 1 1,9.568346115429449e-11,2.5480855203596775e-09,0.3489561912472561,0.48510534232691427,0.8785983298620588,1.8116327499991494,3.9180131046736464,8.60624015008578,1 1 1 1 1 1,9.381118104556663e-11,2.4982167445841696e-09,4.9870108043137407e-11
strong,0.9665102040816327,0.4410111615084597,0.5938225216922216,1.0288004020945207,2.037748876553837,4.257256157402581,9.061665911834444,1 1 1 1 1 1,9.507994391810826e-11,2.839059320969284e-09,0.4410111614714154,0.5938225216551773,1.0288004020574766,2.0377488765167935,4.257256157365535,9.061665911797398,1 1 1 1 1 1,9.632117325963918e-11,2.8761036330315903e-09,3.7045921885692223e-11
strong,0.9705714285714286,0.5677776586028743,0.7399327930619826,1.2225195660637078,2.3170783115074944,4.661474764748045,9.591469212370752,1 1 1 1 1 1,9.704681502853418e-11,3.2977034436498798e-09,0.5677776586719828,0.7399327931310913,1.2225195661328163,2.3170783115766014,4.661474764817153,9.59146921243986,1 1 1 1 1 1,9.50137746258406e-11,3.2285960571698524e-09,6.91087187476569e-11
strong,0.9746326530612245,0.748256772048206,0.9430100380431506,1.4805828002899128,2.672302084689958,5.155417057529477,10.221920747239848,1 1 1 1 1 1,9.706457859692819e-11,3.826338579315802e-09,0.7482567721248137,0.9430100381197585,1.4805828003665202,2.672302084766564,5.155417057606082,10.221920747316451,1 1 1 1 1 1,9.512124421462431e-11,3.749733856750481e-09,7.660783118978998e-11
strong,0.9786938775510204,1.0167215342064397,1.2380613637207192,1.8395965205435578,3.1423786060477776,5.780646168664985,10.99649162902949,1 1 1 1 1 1,9.606537787476555e-11,4.508772022404628e-09,1.0167215341923401,1.2380613637066196,1.8395965205294587,3.1423786060336796,5.78064616865089,10.996491629015399,1 1 1 1 1 1,9.636558218062419e-11,4.522870966638948e-09,1.4099610368134563e-11
strong,0.9827551020408163,1.4410549222346236,1.6939240768469201,2.3704691855035867,3.801244997486155,6.6144322909190585,11.99488092716931,1 1 1 1 1 1,9.688427837772906e-11,5.618064236045939e-09,1.4410549222264633,1.6939240768387602,2.370469185495426,3.801244997477994,6.614432290910897,11.99488092716115,1 1 1 1 1 1,9.702461056804168e-11,5.6262248193661435e-09,8.16147149862445e-12
strong,0.9868163265306122,2.1751989628120394,2.465801298662427,3.231131043024169,4.8107984598703775,7.823012868398707,13.38647372877774,1 1 1 1 1 1,9.784484333863475e-11,7.421649073080516e-09,2.1751989628091186,2.4658012986595064,3.231131043021249,4.810798459867457,7.823012868395785,13.38647372877482,1 1 1 1 1 1,9.78843672783114e-11,7.42456940372449e-09,2.922107000813412e-12
strong,0.9908775510204082,3.652200818630912,3.9884382850616693,4.859987432261161,6.614742699422926,9.85585753567425,15.62490283049768,1 1 1 1 1 1,9.863931893505651e-11,1.081263967250834e-08,3.6522008186328536,3.988438285063611,4.859987432263102,6.614742699424866,9.855857535676192,15.624902830499623,1 1 1 1 1 1,9.862022309903296e-11,1.0810697226304455e-08,1.943334382303874e-12
strong,0.9949387755102042,7.708155677258773,8.100267306076454,9.100492982146504,11.063770917080289,14.571498615404758,20.57433804225481,1 1 1 1 1 1,9.901768294184876e-11,1.9563884734452586e-08,7.7081556771656645,8.100267305983348,9.1004929820534,11.063770916987183,14.571498615311654,20.574338042161703,1 1 1 1 1 1,9.949019386112923e-11,1.965698892547607e-08,9.310863191558383e-11
strong,0.999,46.10637294533403,46.56789820104198,47.726331212741364,49.941721784470936,53.76472477804488,60.03741470261938,1 1 1 1 1 1,9.989520322051249e-11,9.98892346615321e-08,46.10637294534449,46.56789820105244,47.72633121275182,49.941721784481395,53.76472477805533,60.037414702629825,1 1 1 1 1 1,9.988099236579728e-11,9.987877547246171e-08,1.0459189070388675e-11
